DATE,요일,품목,품종,거래단위,등급,평균가격,전일_x,조회일자,지역(시),지역(군),평균 기온(°C),최고 기온(°C),최저 기온(°C),평균 강수량(mm),평균 일조시간(hr),평균 습도(%),평균 적설량(cm),평균 순간최대풍속(m/s),품목명,총반입량,전일_y
2024-08-01,목요일,사과,후지,10개,상품,"30,133","29,888",2024-08-01,서울,종로구,29.9,33.2,27.3,0.3,3.6,75.5,0.0,7.1,사과,78.0,65.0
2024-08-01,목요일,사과,후지,10개,중품,"21,858","21,604",2024-08-01,서울,종로구,29.9,33.2,27.3,0.3,3.6,75.5,0.0,7.1,사과,0.0,0.0
2024-07-31,수요일,사과,후지,10개,상품,"29,888","29,965",2024-07-31,서울,종로구,29.4,33.3,27.0,0.0,4.7,74.5,0.0,7.1,사과,66.0,67.0
2024-07-31,수요일,사과,후지,10개,중품,"21,604","21,754",2024-07-31,서울,종로구,29.4,33.3,27.0,0.0,4.7,74.5,0.0,7.1,사과,0.0,0.0
2024-07-30,화요일,사과,후지,10개,상품,"29,965","30,094",2024-07-30,서울,종로구,28.6,31.9,26.3,0.0,3.6,78.8,0.0,9.4,사과,67.0,103.0
2024-07-30,화요일,사과,후지,10개,중품,"21,754","22,040",2024-07-30,서울,종로구,28.6,31.9,26.3,0.0,3.6,78.8,0.0,9.4,사과,0.0,0.0
2024-07-29,월요일,사과,후지,10개,상품,"30,094",0,2024-07-29,서울,종로구,27.4,27.8,26.8,0.0,0.0,84.0,0.0,11.2,사과,102.0,0.0
2024-07-29,월요일,사과,후지,10개,중품,"22,040",0,2024-07-29,서울,종로구,27.4,27.8,26.8,0.0,0.0,84.0,0.0,11.2,사과,0.0,0.0
2024-07-26,금요일,사과,후지,10개,상품,"30,152","30,871",2024-07-26,서울,종로구,28.7,32.7,25.2,5.5,6.7,81.9,0.0,10.4,사과,64.0,69.0
2024-07-26,금요일,사과,후지,10개,중품,"21,801","22,430",2024-07-26,서울,종로구,28.7,32.7,25.2,5.5,6.7,81.9,0.0,10.4,사과,0.0,0.0
2024-07-25,목요일,사과,후지,10개,상품,"30,871","31,421",2024-07-25,서울,종로구,28.8,32.2,25.4,25.3,2.4,79.8,0.0,11.2,사과,70.0,61.0
2024-07-25,목요일,사과,후지,10개,중품,"22,430","23,085",2024-07-25,서울,종로구,28.8,32.2,25.4,25.3,2.4,79.8,0.0,11.2,사과,0.0,0.0
2024-07-24,수요일,사과,후지,10개,상품,"31,421","31,544",2024-07-24,서울,종로구,28.1,30.9,26.0,14.7,3.0,85.0,0.0,9.8,사과,62.0,47.0
2024-07-24,수요일,사과,후지,10개,중품,"23,085","23,415",2024-07-24,서울,종로구,28.1,30.9,26.0,14.7,3.0,85.0,0.0,9.8,사과,0.0,0.0
2024-07-23,화요일,사과,후지,10개,상품,"31,544","31,396",2024-07-23,서울,종로구,26.4,27.3,25.8,2.0,0.0,87.9,0.0,13.2,사과,48.0,90.0
2024-07-23,화요일,사과,후지,10개,중품,"23,415","23,479",2024-07-23,서울,종로구,26.4,27.3,25.8,2.0,0.0,87.9,0.0,13.2,사과,0.0,0.0
2024-07-22,월요일,사과,후지,10개,상품,"31,396",0,2024-07-22,서울,종로구,26.6,27.9,24.3,79.9,0.0,89.0,0.0,16.4,사과,91.0,0.0
2024-07-22,월요일,사과,후지,10개,중품,"23,479",0,2024-07-22,서울,종로구,26.6,27.9,24.3,79.9,0.0,89.0,0.0,16.4,사과,0.0,0.0
2024-07-19,금요일,사과,후지,10개,상품,"30,342","31,090",2024-07-19,서울,종로구,27.0,30.8,24.2,0.1,6.4,80.1,0.0,8.0,사과,49.0,52.0
2024-07-19,금요일,사과,후지,10개,중품,"22,576","23,278",2024-07-19,서울,종로구,27.0,30.8,24.2,0.1,6.4,80.1,0.0,8.0,사과,0.0,0.0
2024-07-18,목요일,사과,후지,10개,상품,"31,090","31,102",2024-07-18,서울,종로구,24.3,25.6,23.1,128.8,0.0,95.3,0.0,13.9,사과,52.0,0.0
2024-07-18,목요일,사과,후지,10개,중품,"23,278","23,480",2024-07-18,서울,종로구,24.3,25.6,23.1,128.8,0.0,95.3,0.0,13.9,사과,0.0,0.0
2024-07-17,수요일,사과,후지,10개,상품,"31,102","30,898",2024-07-17,서울,종로구,25.4,28.1,24.1,98.8,0.1,91.6,0.0,11.9,사과,47.0,70.0
2024-07-17,수요일,사과,후지,10개,중품,"23,480","23,695",2024-07-17,서울,종로구,25.4,28.1,24.1,98.8,0.1,91.6,0.0,11.9,사과,0.0,0.0
2024-07-16,화요일,사과,후지,10개,상품,"30,898","30,804",2024-07-16,서울,종로구,27.0,30.7,24.6,17.0,4.2,78.4,0.0,8.6,사과,71.0,0.0
2024-07-16,화요일,사과,후지,10개,중품,"23,695","23,583",2024-07-16,서울,종로구,27.0,30.7,24.6,17.0,4.2,78.4,0.0,8.6,사과,0.0,0.0
2024-07-15,월요일,사과,후지,10개,상품,"30,804",0,2024-07-15,서울,종로구,28.4,31.3,24.5,0.0,6.3,64.6,0.0,7.7,사과,65.0,0.0
2024-07-15,월요일,사과,후지,10개,중품,"23,583",0,2024-07-15,서울,종로구,28.4,31.3,24.5,0.0,6.3,64.6,0.0,7.7,사과,0.0,0.0
2024-07-12,금요일,사과,후지,10개,상품,"29,822","30,824",2024-07-12,서울,종로구,25.6,30.2,21.8,0.0,3.7,79.5,0.0,5.0,사과,41.0,39.0
2024-07-12,금요일,사과,후지,10개,중품,"22,605","23,600",2024-07-12,서울,종로구,25.6,30.2,21.8,0.0,3.7,79.5,0.0,5.0,사과,0.0,0.0
2024-07-11,목요일,사과,후지,10개,상품,"30,824","32,853",2024-07-11,서울,종로구,25.7,28.9,23.3,0.0,5.9,79.6,0.0,6.4,사과,38.0,31.0
2024-07-11,목요일,사과,후지,10개,중품,"23,600","24,216",2024-07-11,서울,종로구,25.7,28.9,23.3,0.0,5.9,79.6,0.0,6.4,사과,0.0,0.0
2024-07-10,수요일,사과,후지,10개,상품,"32,853","32,945",2024-07-10,서울,종로구,26.6,31.1,22.7,1.4,7.1,77.1,0.0,8.9,사과,31.0,29.0
2024-07-10,수요일,사과,후지,10개,중품,"24,216","24,480",2024-07-10,서울,종로구,26.6,31.1,22.7,1.4,7.1,77.1,0.0,8.9,사과,0.0,0.0
2024-07-09,화요일,사과,후지,10개,상품,"32,945","32,847",2024-07-09,서울,종로구,24.5,26.7,22.7,0.3,0.1,86.9,0.0,8.2,사과,29.0,49.0
2024-07-09,화요일,사과,후지,10개,중품,"24,480","24,300",2024-07-09,서울,종로구,24.5,26.7,22.7,0.3,0.1,86.9,0.0,8.2,사과,0.0,0.0
2024-07-08,월요일,사과,후지,10개,상품,"32,847",0,2024-07-08,서울,종로구,23.8,24.5,23.1,21.1,0.0,93.4,0.0,6.8,사과,50.0,0.0
2024-07-08,월요일,사과,후지,10개,중품,"24,300",0,2024-07-08,서울,종로구,23.8,24.5,23.1,21.1,0.0,93.4,0.0,6.8,사과,0.0,0.0
2024-07-05,금요일,사과,후지,10개,상품,"33,090","34,322",2024-07-05,서울,종로구,23.4,26.1,21.3,4.1,1.4,80.5,0.0,16.2,사과,39.0,30.0
2024-07-05,금요일,사과,후지,10개,중품,"24,105","24,352",2024-07-05,서울,종로구,23.4,26.1,21.3,4.1,1.4,80.5,0.0,16.2,사과,0.0,0.0
2024-07-04,목요일,사과,후지,10개,상품,"34,322","33,476",2024-07-04,서울,종로구,26.8,30.6,23.2,3.6,3.4,74.8,0.0,13.3,사과,30.0,0.0
2024-07-04,목요일,사과,후지,10개,중품,"24,352","24,776",2024-07-04,서울,종로구,26.8,30.6,23.2,3.6,3.4,74.8,0.0,13.3,사과,0.0,0.0
2024-07-03,수요일,사과,후지,10개,상품,"33,476","34,282",2024-07-03,서울,종로구,24.7,25.9,23.6,0.8,0.6,80.3,0.0,12.9,사과,0.0,0.0
2024-07-03,수요일,사과,후지,10개,중품,"24,776","25,217",2024-07-03,서울,종로구,24.7,25.9,23.6,0.8,0.6,80.3,0.0,12.9,사과,0.0,0.0
2024-07-02,화요일,사과,후지,10개,상품,"34,282","34,041",2024-07-02,서울,종로구,23.2,25.2,21.9,65.1,0.0,90.0,0.0,10.1,사과,28.0,41.0
2024-07-02,화요일,사과,후지,10개,중품,"25,217","24,969",2024-07-02,서울,종로구,23.2,25.2,21.9,65.1,0.0,90.0,0.0,10.1,사과,0.0,0.0
2024-07-01,월요일,사과,후지,10개,상품,"34,041",0,2024-07-01,서울,종로구,26.3,31.3,22.0,0.0,8.3,69.1,0.0,5.2,사과,42.0,0.0
2024-07-01,월요일,사과,후지,10개,중품,"24,969",0,2024-07-01,서울,종로구,26.3,31.3,22.0,0.0,8.3,69.1,0.0,5.2,사과,0.0,0.0
2024-06-28,금요일,사과,후지,10개,상품,"33,920","34,363",2024-06-28,서울,종로구,26.6,32.5,21.3,0.0,13.2,54.6,0.0,7.5,사과,26.0,0.0
2024-06-28,금요일,사과,후지,10개,중품,"24,744","24,823",2024-06-28,서울,종로구,26.6,32.5,21.3,0.0,13.2,54.6,0.0,7.5,사과,0.0,0.0
2024-06-27,목요일,사과,후지,10개,상품,"34,363","34,125",2024-06-27,서울,종로구,26.3,31.6,20.6,0.0,9.3,55.0,0.0,6.1,사과,40.0,34.0
2024-06-27,목요일,사과,후지,10개,중품,"24,823","24,851",2024-06-27,서울,종로구,26.3,31.6,20.6,0.0,9.3,55.0,0.0,6.1,사과,0.0,0.0
2024-06-26,수요일,사과,후지,10개,상품,"34,125","34,185",2024-06-26,서울,종로구,24.9,31.6,18.9,0.0,12.3,61.0,0.0,8.8,사과,34.0,59.0
2024-06-26,수요일,사과,후지,10개,중품,"24,851","24,998",2024-06-26,서울,종로구,24.9,31.6,18.9,0.0,12.3,61.0,0.0,8.8,사과,0.0,0.0
2024-06-25,화요일,사과,후지,10개,상품,"34,185","33,971",2024-06-25,서울,종로구,22.9,27.2,19.1,0.0,10.7,61.9,0.0,11.6,사과,59.0,0.0
2024-06-25,화요일,사과,후지,10개,중품,"24,998","24,911",2024-06-25,서울,종로구,22.9,27.2,19.1,0.0,10.7,61.9,0.0,11.6,사과,0.0,0.0
2024-06-24,월요일,사과,후지,10개,상품,"33,971",0,2024-06-24,서울,종로구,24.3,27.9,21.2,0.0,7.0,70.4,0.0,9.2,사과,0.0,0.0
2024-06-24,월요일,사과,후지,10개,중품,"24,911",0,2024-06-24,서울,종로구,24.3,27.9,21.2,0.0,7.0,70.4,0.0,9.2,사과,0.0,0.0
2024-06-21,금요일,사과,후지,10개,상품,"33,831","33,613",2024-06-21,서울,종로구,28.1,33.9,22.9,0.0,10.3,49.8,0.0,8.8,사과,0.0,51.0
2024-06-21,금요일,사과,후지,10개,중품,"24,661","24,193",2024-06-21,서울,종로구,28.1,33.9,22.9,0.0,10.3,49.8,0.0,8.8,사과,0.0,0.0
2024-06-20,목요일,사과,후지,10개,상품,"33,613","33,894",2024-06-20,서울,종로구,29.4,35.4,23.4,0.0,12.1,45.1,0.0,7.6,사과,51.0,0.0
2024-06-20,목요일,사과,후지,10개,중품,"24,193","23,889",2024-06-20,서울,종로구,29.4,35.4,23.4,0.0,12.1,45.1,0.0,7.6,사과,0.0,0.0
2024-06-19,수요일,사과,후지,10개,상품,"33,894","33,940",2024-06-19,서울,종로구,28.8,35.8,21.4,0.0,13.0,54.3,0.0,5.8,사과,0.0,45.0
2024-06-19,수요일,사과,후지,10개,중품,"23,889","24,187",2024-06-19,서울,종로구,28.8,35.8,21.4,0.0,13.0,54.3,0.0,5.8,사과,0.0,0.0
2024-06-18,화요일,사과,후지,10개,상품,"33,940","33,877",2024-06-18,서울,종로구,26.0,32.9,20.4,0.0,13.4,59.5,0.0,7.9,사과,45.0,64.0
2024-06-18,화요일,사과,후지,10개,중품,"24,187","24,191",2024-06-18,서울,종로구,26.0,32.9,20.4,0.0,13.4,59.5,0.0,7.9,사과,0.0,0.0
2024-06-17,월요일,사과,후지,10개,상품,"33,877",0,2024-06-17,서울,종로구,24.8,30.2,18.9,0.0,13.1,48.4,0.0,8.4,사과,0.0,0.0
2024-06-17,월요일,사과,후지,10개,중품,"24,191",0,2024-06-17,서울,종로구,24.8,30.2,18.9,0.0,13.1,48.4,0.0,8.4,사과,0.0,0.0
2024-06-14,금요일,사과,후지,10개,상품,"33,572","34,602",2024-06-14,서울,종로구,26.3,33.0,21.4,0.0,9.1,56.0,0.0,9.9,사과,33.0,0.0
2024-06-14,금요일,사과,후지,10개,중품,"24,132","25,014",2024-06-14,서울,종로구,26.3,33.0,21.4,0.0,9.1,56.0,0.0,9.9,사과,0.0,0.0
2024-06-13,목요일,사과,후지,10개,상품,"34,602","33,396",2024-06-13,서울,종로구,26.4,32.8,20.0,0.0,13.3,51.4,0.0,7.1,사과,0.0,42.0
2024-06-13,목요일,사과,후지,10개,중품,"25,014","24,365",2024-06-13,서울,종로구,26.4,32.8,20.0,0.0,13.3,51.4,0.0,7.1,사과,0.0,0.0
2024-06-12,수요일,사과,후지,10개,상품,"33,396","33,396",2024-06-12,서울,종로구,24.8,31.8,19.2,0.0,11.3,60.8,0.0,8.4,사과,0.0,68.0
2024-06-12,수요일,사과,후지,10개,중품,"24,365","24,365",2024-06-12,서울,종로구,24.8,31.8,19.2,0.0,11.3,60.8,0.0,8.4,사과,0.0,0.0
2024-06-11,화요일,사과,후지,10개,상품,"33,396","33,371",2024-06-11,서울,종로구,25.4,31.6,21.7,0.0,10.2,62.4,0.0,8.2,사과,68.0,0.0
2024-06-11,화요일,사과,후지,10개,중품,"24,365","24,414",2024-06-11,서울,종로구,25.4,31.6,21.7,0.0,10.2,62.4,0.0,8.2,사과,0.0,0.0
2024-06-10,월요일,사과,후지,10개,상품,"33,371",0,2024-06-10,서울,종로구,24.7,31.1,19.0,0.0,11.9,66.3,0.0,7.4,사과,0.0,0.0
2024-06-10,월요일,사과,후지,10개,중품,"24,414",0,2024-06-10,서울,종로구,24.7,31.1,19.0,0.0,11.9,66.3,0.0,7.4,사과,0.0,0.0
2024-06-07,금요일,사과,후지,10개,상품,"33,524",0,2024-06-07,서울,종로구,23.1,28.0,18.3,0.8,7.1,54.3,0.0,5.6,사과,0.0,54.0
2024-06-07,금요일,사과,후지,10개,중품,"24,407",0,2024-06-07,서울,종로구,23.1,28.0,18.3,0.8,7.1,54.3,0.0,5.6,사과,0.0,0.0
2024-06-05,수요일,사과,후지,10개,상품,"31,848","31,971",2024-06-05,서울,종로구,23.6,30.1,18.1,0.0,10.4,53.9,0.0,7.1,사과,0.0,43.0
2024-06-05,수요일,사과,후지,10개,중품,"26,480","26,748",2024-06-05,서울,종로구,23.6,30.1,18.1,0.0,10.4,53.9,0.0,7.1,사과,0.0,0.0
2024-06-04,화요일,사과,후지,10개,상품,"31,971","31,976",2024-06-04,서울,종로구,22.8,29.3,16.3,0.0,13.5,42.1,0.0,7.5,사과,0.0,62.0
2024-06-04,화요일,사과,후지,10개,중품,"26,748","26,393",2024-06-04,서울,종로구,22.8,29.3,16.3,0.0,13.5,42.1,0.0,7.5,사과,0.0,0.0
2024-06-03,월요일,사과,후지,10개,상품,"31,976",0,2024-06-03,서울,종로구,22.2,28.7,15.7,0.0,11.2,47.4,0.0,8.3,사과,0.0,0.0
2024-06-03,월요일,사과,후지,10개,중품,"26,393",0,2024-06-03,서울,종로구,22.2,28.7,15.7,0.0,11.2,47.4,0.0,8.3,사과,0.0,0.0
2024-05-31,금요일,사과,후지,10개,상품,"31,480","31,958",2024-05-31,서울,종로구,20.4,25.4,16.9,1.0,11.8,60.0,0.0,10.6,사과,0.0,57.0
2024-05-31,금요일,사과,후지,10개,중품,"26,520","26,880",2024-05-31,서울,종로구,20.4,25.4,16.9,1.0,11.8,60.0,0.0,10.6,사과,0.0,0.0
2024-05-30,목요일,사과,후지,10개,상품,"31,958","32,358",2024-05-30,서울,종로구,20.7,24.6,16.2,0.0,0.6,49.1,0.0,5.1,사과,58.0,0.0
2024-05-30,목요일,사과,후지,10개,중품,"26,880","25,232",2024-05-30,서울,종로구,20.7,24.6,16.2,0.0,0.6,49.1,0.0,5.1,사과,0.0,0.0
2024-05-29,수요일,사과,후지,10개,상품,"32,358","32,402",2024-05-29,서울,종로구,21.2,26.8,15.4,0.0,13.2,51.6,0.0,8.4,사과,0.0,0.0
2024-05-29,수요일,사과,후지,10개,중품,"25,232","25,268",2024-05-29,서울,종로구,21.2,26.8,15.4,0.0,13.2,51.6,0.0,8.4,사과,0.0,0.0
2024-05-28,화요일,사과,후지,10개,상품,"32,402","32,258",2024-05-28,서울,종로구,20.4,26.1,14.3,0.0,11.1,54.8,0.0,10.4,사과,0.0,63.0
2024-05-28,화요일,사과,후지,10개,중품,"25,268","25,268",2024-05-28,서울,종로구,20.4,26.1,14.3,0.0,11.1,54.8,0.0,10.4,사과,0.0,0.0
2024-05-27,월요일,사과,후지,10개,상품,"32,258",0,2024-05-27,서울,종로구,18.5,22.6,14.1,0.0,9.9,63.4,0.0,12.2,사과,0.0,0.0
2024-05-27,월요일,사과,후지,10개,중품,"25,268",0,2024-05-27,서울,종로구,18.5,22.6,14.1,0.0,9.9,63.4,0.0,12.2,사과,0.0,0.0
2024-05-24,금요일,사과,후지,10개,상품,"32,262","32,500",2024-05-24,서울,종로구,20.1,24.7,15.7,0.0,4.7,75.1,0.0,7.6,사과,0.0,0.0
2024-05-24,금요일,사과,후지,10개,중품,"25,271","25,435",2024-05-24,서울,종로구,20.1,24.7,15.7,0.0,4.7,75.1,0.0,7.6,사과,0.0,0.0
2024-05-23,목요일,사과,후지,10개,상품,"32,500","31,594",2024-05-23,서울,종로구,20.2,26.4,15.8,0.0,12.7,67.9,0.0,7.2,사과,0.0,0.0
2024-05-23,목요일,사과,후지,10개,중품,"25,435","25,117",2024-05-23,서울,종로구,20.2,26.4,15.8,0.0,12.7,67.9,0.0,7.2,사과,0.0,0.0
2024-05-22,수요일,사과,후지,10개,상품,"31,594","31,696",2024-05-22,서울,종로구,20.5,25.5,16.4,0.0,10.0,68.9,0.0,8.7,사과,0.0,0.0
2024-05-22,수요일,사과,후지,10개,중품,"25,117","25,086",2024-05-22,서울,종로구,20.5,25.5,16.4,0.0,10.0,68.9,0.0,8.7,사과,0.0,0.0
2024-05-21,화요일,사과,후지,10개,상품,"31,696","31,608",2024-05-21,서울,종로구,21.7,28.3,16.3,0.0,9.4,68.1,0.0,7.2,사과,0.0,75.0
2024-05-21,화요일,사과,후지,10개,중품,"25,086","24,795",2024-05-21,서울,종로구,21.7,28.3,16.3,0.0,9.4,68.1,0.0,7.2,사과,0.0,0.0
2024-05-20,월요일,사과,후지,10개,상품,"31,608",0,2024-05-20,서울,종로구,19.4,22.8,16.8,0.0,0.5,75.0,0.0,7.4,사과,75.0,0.0
2024-05-20,월요일,사과,후지,10개,중품,"24,795",0,2024-05-20,서울,종로구,19.4,22.8,16.8,0.0,0.5,75.0,0.0,7.4,사과,0.0,0.0
2024-05-17,금요일,사과,후지,10개,상품,"31,944","32,343",2024-05-17,서울,종로구,18.3,24.9,10.8,0.0,10.8,63.6,0.0,8.8,사과,54.0,0.0
2024-05-17,금요일,사과,후지,10개,중품,"24,952","25,368",2024-05-17,서울,종로구,18.3,24.9,10.8,0.0,10.8,63.6,0.0,8.8,사과,0.0,0.0
2024-05-16,목요일,사과,후지,10개,상품,"32,343",0,2024-05-16,서울,종로구,13.7,19.8,6.9,0.1,13.1,61.3,0.0,9.4,사과,0.0,26.0
2024-05-16,목요일,사과,후지,10개,중품,"25,368",0,2024-05-16,서울,종로구,13.7,19.8,6.9,0.1,13.1,61.3,0.0,9.4,사과,0.0,0.0
2024-05-14,화요일,사과,후지,10개,상품,"29,374","29,310",2024-05-14,서울,종로구,18.8,24.7,12.7,0.0,13.0,43.3,0.0,9.0,사과,61.0,87.0
2024-05-14,화요일,사과,후지,10개,중품,"23,095","23,033",2024-05-14,서울,종로구,18.8,24.7,12.7,0.0,13.0,43.3,0.0,9.0,사과,0.0,0.0
2024-05-13,월요일,사과,후지,10개,상품,"29,310",0,2024-05-13,서울,종로구,18.3,24.5,11.9,0.0,13.1,51.9,0.0,8.9,사과,86.0,0.0
2024-05-13,월요일,사과,후지,10개,중품,"23,033",0,2024-05-13,서울,종로구,18.3,24.5,11.9,0.0,13.1,51.9,0.0,8.9,사과,0.0,0.0
2024-05-10,금요일,사과,후지,10개,상품,"29,223","28,743",2024-05-10,서울,종로구,17.9,23.8,12.5,0.0,12.5,55.6,0.0,10.3,사과,74.0,0.0
2024-05-10,금요일,사과,후지,10개,중품,"23,326","24,015",2024-05-10,서울,종로구,17.9,23.8,12.5,0.0,12.5,55.6,0.0,10.3,사과,0.0,0.0
2024-05-09,목요일,사과,후지,10개,상품,"28,743","26,819",2024-05-09,서울,종로구,16.1,21.8,10.9,0.0,12.8,63.6,0.0,11.8,사과,0.0,0.0
2024-05-09,목요일,사과,후지,10개,중품,"24,015","22,324",2024-05-09,서울,종로구,16.1,21.8,10.9,0.0,12.8,63.6,0.0,11.8,사과,0.0,0.0
2024-05-08,수요일,사과,후지,10개,상품,"26,819","26,677",2024-05-08,서울,종로구,14.7,21.4,9.0,0.0,11.0,58.8,0.0,8.6,사과,57.0,76.0
2024-05-08,수요일,사과,후지,10개,중품,"22,324","22,657",2024-05-08,서울,종로구,14.7,21.4,9.0,0.0,11.0,58.8,0.0,8.6,사과,0.0,0.0
2024-05-07,화요일,사과,후지,10개,상품,"26,677",0,2024-05-07,서울,종로구,13.3,15.0,12.2,2.4,0.0,77.3,0.0,9.5,사과,76.0,66.0
2024-05-07,화요일,사과,후지,10개,중품,"22,657",0,2024-05-07,서울,종로구,13.3,15.0,12.2,2.4,0.0,77.3,0.0,9.5,사과,0.0,0.0
2024-05-03,금요일,사과,후지,10개,상품,"26,851","27,669",2024-05-03,서울,종로구,19.7,27.9,12.2,0.0,12.8,46.9,0.0,5.9,사과,85.0,0.0
2024-05-03,금요일,사과,후지,10개,중품,"22,709","23,707",2024-05-03,서울,종로구,19.7,27.9,12.2,0.0,12.8,46.9,0.0,5.9,사과,0.0,0.0
2024-05-02,목요일,사과,후지,10개,상품,"27,669",0,2024-05-02,서울,종로구,18.1,23.7,12.4,0.0,12.8,48.4,0.0,8.9,사과,0.0,53.0
2024-05-02,목요일,사과,후지,10개,중품,"23,707",0,2024-05-02,서울,종로구,18.1,23.7,12.4,0.0,12.8,48.4,0.0,8.9,사과,0.0,0.0
2024-04-30,화요일,사과,후지,10개,상품,"27,133",0,2024-04-30,서울,종로구,18.6,22.5,16.0,0.0,5.5,62.5,0.0,7.3,사과,0.0,0.0
2024-04-30,화요일,사과,후지,10개,중품,"22,960",0,2024-04-30,서울,종로구,18.6,22.5,16.0,0.0,5.5,62.5,0.0,7.3,사과,0.0,0.0
2024-04-29,월요일,사과,후지,10개,상품,"27,144",0,2024-04-29,서울,종로구,20.9,26.1,16.9,0.0,8.8,48.0,0.0,10.5,사과,0.0,0.0
2024-04-29,월요일,사과,후지,10개,중품,"23,086",0,2024-04-29,서울,종로구,20.9,26.1,16.9,0.0,8.8,48.0,0.0,10.5,사과,0.0,0.0
2024-04-26,금요일,사과,후지,10개,상품,"26,964","26,128",2024-04-26,서울,종로구,17.8,26.0,11.4,0.0,10.7,61.1,0.0,7.3,사과,44.0,0.0
2024-04-26,금요일,사과,후지,10개,중품,"23,141","22,666",2024-04-26,서울,종로구,17.8,26.0,11.4,0.0,10.7,61.1,0.0,7.3,사과,0.0,0.0
2024-04-25,목요일,사과,후지,10개,상품,"26,128","23,868",2024-04-25,서울,종로구,14.4,20.8,10.3,0.0,6.2,75.6,0.0,5.6,사과,69.0,37.0
2024-04-25,목요일,사과,후지,10개,중품,"22,666","20,016",2024-04-25,서울,종로구,14.4,20.8,10.3,0.0,6.2,75.6,0.0,5.6,사과,0.0,0.0
2024-04-24,수요일,사과,후지,10개,상품,"23,868",0,2024-04-24,서울,종로구,13.2,16.5,11.0,9.0,1.9,80.1,0.0,8.5,사과,37.0,0.0
2024-04-24,수요일,사과,후지,10개,중품,"20,016",0,2024-04-24,서울,종로구,13.2,16.5,11.0,9.0,1.9,80.1,0.0,8.5,사과,0.0,0.0
2024-04-23,화요일,사과,후지,10개,상품,"23,931",0,2024-04-23,서울,종로구,17.3,24.2,13.2,0.0,6.0,55.0,0.0,9.7,사과,55.0,0.0
2024-04-23,화요일,사과,후지,10개,중품,"20,184",0,2024-04-23,서울,종로구,17.3,24.2,13.2,0.0,6.0,55.0,0.0,9.7,사과,0.0,0.0
2024-04-22,월요일,사과,후지,10개,상품,"24,385",0,2024-04-22,서울,종로구,18.8,24.1,15.0,0.0,4.6,49.4,0.0,8.5,사과,0.0,0.0
2024-04-22,월요일,사과,후지,10개,중품,"20,035",0,2024-04-22,서울,종로구,18.8,24.1,15.0,0.0,4.6,49.4,0.0,8.5,사과,0.0,0.0
2024-04-19,금요일,사과,후지,10개,상품,"24,086","24,115",2024-04-19,서울,종로구,17.6,24.3,11.5,0.0,10.4,51.8,0.0,9.1,사과,0.0,0.0
2024-04-19,금요일,사과,후지,10개,중품,"20,142","20,527",2024-04-19,서울,종로구,17.6,24.3,11.5,0.0,10.4,51.8,0.0,9.1,사과,0.0,0.0
2024-04-18,목요일,사과,후지,10개,상품,"24,115","24,318",2024-04-18,서울,종로구,17.3,24.9,10.7,0.0,11.7,53.3,0.0,7.9,사과,63.0,0.0
2024-04-18,목요일,사과,후지,10개,중품,"20,527","20,396",2024-04-18,서울,종로구,17.3,24.9,10.7,0.0,11.7,53.3,0.0,7.9,사과,0.0,0.0
2024-04-17,수요일,사과,후지,10개,상품,"24,318",0,2024-04-17,서울,종로구,15.0,21.8,9.7,0.0,10.3,65.3,0.0,7.6,사과,0.0,0.0
2024-04-17,수요일,사과,후지,10개,중품,"20,396",0,2024-04-17,서울,종로구,15.0,21.8,9.7,0.0,10.3,65.3,0.0,7.6,사과,0.0,0.0
2024-04-16,화요일,사과,후지,10개,상품,"24,354",0,2024-04-16,서울,종로구,13.3,17.9,11.5,2.3,3.7,82.6,0.0,7.7,사과,0.0,74.0
2024-04-16,화요일,사과,후지,10개,중품,"20,508",0,2024-04-16,서울,종로구,13.3,17.9,11.5,2.3,3.7,82.6,0.0,7.7,사과,0.0,0.0
2024-04-15,월요일,사과,후지,10개,상품,"25,017",0,2024-04-15,서울,종로구,16.0,20.0,11.7,17.1,0.0,77.4,0.0,8.1,사과,0.0,0.0
2024-04-15,월요일,사과,후지,10개,중품,"20,755",0,2024-04-15,서울,종로구,16.0,20.0,11.7,17.1,0.0,77.4,0.0,8.1,사과,0.0,0.0
2024-04-12,금요일,사과,후지,10개,상품,"23,793","24,150",2024-04-12,서울,종로구,17.2,24.2,12.0,0.0,9.8,59.6,0.0,7.2,사과,0.0,73.0
2024-04-12,금요일,사과,후지,10개,상품,"23,793","24,150",2024-04-12,서울,종로구,17.2,24.2,12.0,0.0,9.8,59.6,0.0,7.2,사과,0.0,0.0
2024-04-12,금요일,사과,후지,10개,중품,"20,324","20,405",2024-04-12,서울,종로구,17.2,24.2,12.0,0.0,9.8,59.6,0.0,7.2,사과,0.0,0.0
2024-04-12,금요일,사과,후지,10개,중품,"20,324","20,405",2024-04-12,서울,종로구,17.2,24.2,12.0,0.0,9.8,59.6,0.0,7.2,사과,0.0,0.0
2024-04-11,목요일,사과,후지,10개,상품,"24,150",0,2024-04-11,서울,종로구,15.5,21.1,11.7,0.0,4.0,61.0,0.0,5.2,사과,73.0,27.0
2024-04-11,목요일,사과,후지,10개,중품,"20,405",0,2024-04-11,서울,종로구,15.5,21.1,11.7,0.0,4.0,61.0,0.0,5.2,사과,0.0,0.0
2024-04-09,화요일,사과,후지,10개,상품,"24,220",0,2024-04-09,서울,종로구,15.3,20.8,10.6,0.0,11.9,32.4,0.0,13.9,사과,0.0,0.0
2024-04-09,화요일,사과,후지,10개,중품,"19,853",0,2024-04-09,서울,종로구,15.3,20.8,10.6,0.0,11.9,32.4,0.0,13.9,사과,0.0,0.0
2024-04-08,월요일,사과,후지,10개,상품,"25,115",0,2024-04-08,서울,종로구,16.2,22.8,11.0,0.0,2.0,46.5,0.0,8.0,사과,0.0,0.0
2024-04-08,월요일,사과,후지,10개,중품,"20,591",0,2024-04-08,서울,종로구,16.2,22.8,11.0,0.0,2.0,46.5,0.0,8.0,사과,0.0,0.0
2024-04-05,금요일,사과,후지,10개,상품,"24,286","24,736",2024-04-05,서울,종로구,14.0,18.8,10.2,0.0,6.2,51.3,0.0,8.5,사과,0.0,56.0
2024-04-05,금요일,사과,후지,10개,중품,"19,268","19,717",2024-04-05,서울,종로구,14.0,18.8,10.2,0.0,6.2,51.3,0.0,8.5,사과,0.0,0.0
2024-04-04,목요일,사과,후지,10개,상품,"24,736","24,825",2024-04-04,서울,종로구,15.5,20.3,12.4,0.0,3.6,52.1,0.0,8.0,사과,0.0,0.0
2024-04-04,목요일,사과,후지,10개,중품,"19,717","20,770",2024-04-04,서울,종로구,15.5,20.3,12.4,0.0,3.6,52.1,0.0,8.0,사과,0.0,0.0
2024-04-03,수요일,사과,후지,10개,상품,"24,825",0,2024-04-03,서울,종로구,16.6,19.7,13.9,0.0,0.3,55.9,0.0,4.9,사과,0.0,0.0
2024-04-03,수요일,사과,후지,10개,중품,"20,770",0,2024-04-03,서울,종로구,16.6,19.7,13.9,0.0,0.3,55.9,0.0,4.9,사과,0.0,0.0
2024-04-02,화요일,사과,후지,10개,상품,"24,606",0,2024-04-02,서울,종로구,15.4,23.9,7.0,0.0,9.5,37.5,0.0,7.4,사과,0.0,92.0
2024-04-02,화요일,사과,후지,10개,중품,"20,828",0,2024-04-02,서울,종로구,15.4,23.9,7.0,0.0,9.5,37.5,0.0,7.4,사과,0.0,0.0
2024-04-01,월요일,사과,후지,10개,상품,"24,671",0,2024-04-01,서울,종로구,12.2,19.0,5.5,0.0,11.5,32.0,0.0,8.5,사과,92.0,0.0
2024-04-01,월요일,사과,후지,10개,중품,"20,636",0,2024-04-01,서울,종로구,12.2,19.0,5.5,0.0,11.5,32.0,0.0,8.5,사과,0.0,0.0
2024-03-29,금요일,사과,후지,10개,상품,"24,707","25,374",2024-03-29,서울,종로구,7.6,12.3,5.0,1.4,2.5,73.0,0.0,10.5,사과,0.0,0.0
2024-03-29,금요일,사과,후지,10개,중품,"20,814","21,222",2024-03-29,서울,종로구,7.6,12.3,5.0,1.4,2.5,73.0,0.0,10.5,사과,0.0,0.0
2024-03-28,목요일,사과,후지,10개,상품,"25,374","24,890",2024-03-28,서울,종로구,10.3,12.2,7.8,1.9,0.0,81.8,0.0,7.8,사과,0.0,0.0
2024-03-28,목요일,사과,후지,10개,중품,"21,222","20,523",2024-03-28,서울,종로구,10.3,12.2,7.8,1.9,0.0,81.8,0.0,7.8,사과,0.0,0.0
2024-03-27,수요일,사과,후지,10개,상품,"24,890",0,2024-03-27,서울,종로구,10.4,16.2,4.4,0.0,8.8,68.4,0.0,7.1,사과,0.0,79.0
2024-03-27,수요일,사과,후지,10개,중품,"20,523",0,2024-03-27,서울,종로구,10.4,16.2,4.4,0.0,8.8,68.4,0.0,7.1,사과,0.0,0.0
2024-03-26,화요일,사과,후지,10개,상품,"24,901",0,2024-03-26,서울,종로구,7.4,12.4,3.2,11.5,2.3,77.3,0.0,9.7,사과,79.0,0.0
2024-03-26,화요일,사과,후지,10개,중품,"20,615",0,2024-03-26,서울,종로구,7.4,12.4,3.2,11.5,2.3,77.3,0.0,9.7,사과,0.0,0.0
2024-03-25,월요일,사과,후지,10개,상품,"24,919",0,2024-03-25,서울,종로구,10.6,14.5,6.7,5.1,0.0,63.0,0.0,11.3,사과,0.0,0.0
2024-03-25,월요일,사과,후지,10개,중품,"20,900",0,2024-03-25,서울,종로구,10.6,14.5,6.7,5.1,0.0,63.0,0.0,11.3,사과,0.0,0.0
2024-03-22,금요일,사과,후지,10개,상품,"24,250","24,041",2024-03-22,서울,종로구,10.4,15.2,3.8,5.4,3.5,57.0,0.0,15.0,사과,0.0,84.0
2024-03-22,금요일,사과,후지,10개,중품,"20,306","20,110",2024-03-22,서울,종로구,10.4,15.2,3.8,5.4,3.5,57.0,0.0,15.0,사과,0.0,0.0
2024-03-21,목요일,사과,후지,10개,상품,"24,041","23,776",2024-03-21,서울,종로구,5.0,11.5,-1.2,0.0,11.3,46.5,0.0,8.9,사과,84.0,0.0
2024-03-21,목요일,사과,후지,10개,중품,"20,110","20,335",2024-03-21,서울,종로구,5.0,11.5,-1.2,0.0,11.3,46.5,0.0,8.9,사과,0.0,0.0
2024-03-20,수요일,사과,후지,10개,상품,"23,776",0,2024-03-20,서울,종로구,4.4,8.7,1.2,0.0,9.0,46.5,0.0,10.8,사과,0.0,98.0
2024-03-20,수요일,사과,후지,10개,중품,"20,335",0,2024-03-20,서울,종로구,4.4,8.7,1.2,0.0,9.0,46.5,0.0,10.8,사과,0.0,0.0
2024-03-19,화요일,사과,후지,10개,상품,"23,725",0,2024-03-19,서울,종로구,6.7,9.8,3.9,0.2,2.7,60.8,0.0,14.0,사과,97.0,118.0
2024-03-19,화요일,사과,후지,10개,중품,"20,686",0,2024-03-19,서울,종로구,6.7,9.8,3.9,0.2,2.7,60.8,0.0,14.0,사과,0.0,0.0
2024-03-18,월요일,사과,후지,10개,상품,"24,148",0,2024-03-18,서울,종로구,7.1,13.2,1.4,0.0,10.6,28.6,0.0,8.8,사과,119.0,0.0
2024-03-18,월요일,사과,후지,10개,중품,"20,370",0,2024-03-18,서울,종로구,7.1,13.2,1.4,0.0,10.6,28.6,0.0,8.8,사과,0.0,0.0
2024-03-15,금요일,사과,후지,10개,상품,"27,424","27,680",2024-03-15,서울,종로구,8.9,14.5,4.0,0.0,10.6,68.5,0.0,9.7,사과,81.0,0.0
2024-03-15,금요일,사과,후지,10개,중품,"21,655","21,574",2024-03-15,서울,종로구,8.9,14.5,4.0,0.0,10.6,68.5,0.0,9.7,사과,0.0,0.0
2024-03-14,목요일,사과,후지,10개,상품,"27,680","30,105",2024-03-14,서울,종로구,8.5,15.4,3.4,0.0,0.0,58.3,0.0,7.8,사과,90.0,60.0
2024-03-14,목요일,사과,후지,10개,중품,"21,574","23,258",2024-03-14,서울,종로구,8.5,15.4,3.4,0.0,0.0,58.3,0.0,7.8,사과,0.0,0.0
2024-03-13,수요일,사과,후지,10개,상품,"30,105",0,2024-03-13,서울,종로구,6.5,12.0,1.3,0.0,10.9,57.6,0.0,10.0,사과,60.0,107.0
2024-03-13,수요일,사과,후지,10개,중품,"23,258",0,2024-03-13,서울,종로구,6.5,12.0,1.3,0.0,10.9,57.6,0.0,10.0,사과,0.0,0.0
2024-03-12,화요일,사과,후지,10개,상품,"30,097",0,2024-03-12,서울,종로구,6.6,10.0,4.4,2.1,0.0,78.0,0.0,0.0,사과,107.0,114.0
2024-03-12,화요일,사과,후지,10개,중품,"23,224",0,2024-03-12,서울,종로구,6.6,10.0,4.4,2.1,0.0,78.0,0.0,0.0,사과,0.0,0.0
2024-03-11,월요일,사과,후지,10개,상품,"30,008",0,2024-03-11,서울,종로구,6.2,10.8,2.0,0.0,0.0,62.3,0.0,0.0,사과,114.0,0.0
2024-03-11,월요일,사과,후지,10개,중품,"23,293",0,2024-03-11,서울,종로구,6.2,10.8,2.0,0.0,0.0,62.3,0.0,0.0,사과,0.0,0.0
2024-03-08,금요일,사과,후지,10개,상품,"30,079","30,877",2024-03-08,서울,종로구,2.1,6.5,-0.7,0.0,10.4,50.6,0.0,12.3,사과,94.0,105.0
2024-03-08,금요일,사과,후지,10개,중품,"23,027","23,365",2024-03-08,서울,종로구,2.1,6.5,-0.7,0.0,10.4,50.6,0.0,12.3,사과,0.0,0.0
2024-03-07,목요일,사과,후지,10개,상품,"30,877","29,600",2024-03-07,서울,종로구,3.9,8.2,1.2,2.1,2.5,62.4,0.0,8.9,사과,106.0,86.0
2024-03-07,목요일,사과,후지,10개,중품,"23,365","23,933",2024-03-07,서울,종로구,3.9,8.2,1.2,2.1,2.5,62.4,0.0,8.9,사과,0.0,0.0
2024-03-06,수요일,사과,후지,10개,상품,"29,600",0,2024-03-06,서울,종로구,6.2,10.3,2.5,0.0,2.3,58.8,0.0,8.7,사과,0.0,0.0
2024-03-06,수요일,사과,후지,10개,중품,"23,933",0,2024-03-06,서울,종로구,6.2,10.3,2.5,0.0,2.3,58.8,0.0,8.7,사과,0.0,0.0
2024-03-05,화요일,사과,후지,10개,상품,"29,698",0,2024-03-05,서울,종로구,8.0,11.0,5.5,0.0,0.1,45.1,0.0,9.4,사과,0.0,88.0
2024-03-05,화요일,사과,후지,10개,중품,"24,100",0,2024-03-05,서울,종로구,8.0,11.0,5.5,0.0,0.1,45.1,0.0,9.4,사과,0.0,0.0
2024-03-04,월요일,사과,후지,10개,상품,"29,758",0,2024-03-04,서울,종로구,5.4,11.7,-1.8,0.0,9.5,45.5,0.0,5.2,사과,89.0,0.0
2024-03-04,월요일,사과,후지,10개,중품,"23,865",0,2024-03-04,서울,종로구,5.4,11.7,-1.8,0.0,9.5,45.5,0.0,5.2,사과,0.0,0.0
2024-02-29,목요일,사과,후지,10개,상품,"29,088","29,467",2024-02-29,서울,종로구,4.8,9.6,0.3,0.0,1.2,63.6,0.0,11.2,사과,0.0,0.0
2024-02-29,목요일,사과,후지,10개,중품,"23,548","22,967",2024-02-29,서울,종로구,4.8,9.6,0.3,0.0,1.2,63.6,0.0,11.2,사과,0.0,0.0
2024-02-28,수요일,사과,후지,10개,상품,"29,467",0,2024-02-28,서울,종로구,6.4,10.1,3.2,0.0,1.7,59.5,0.0,5.8,사과,0.0,0.0
2024-02-28,수요일,사과,후지,10개,중품,"22,967",0,2024-02-28,서울,종로구,6.4,10.1,3.2,0.0,1.7,59.5,0.0,5.8,사과,0.0,0.0
2024-02-27,화요일,사과,후지,10개,상품,"29,309","29,299",2024-02-27,서울,종로구,5.3,9.8,1.2,0.0,5.5,52.0,0.0,9.4,사과,0.0,0.0
2024-02-27,화요일,사과,후지,10개,중품,"22,841","22,766",2024-02-27,서울,종로구,5.3,9.8,1.2,0.0,5.5,52.0,0.0,9.4,사과,0.0,0.0
2024-02-26,월요일,사과,후지,10개,상품,"29,299",0,2024-02-26,서울,종로구,3.8,9.7,-1.2,0.0,6.8,65.3,0.0,6.3,사과,0.0,0.0
2024-02-26,월요일,사과,후지,10개,중품,"22,766",0,2024-02-26,서울,종로구,3.8,9.7,-1.2,0.0,6.8,65.3,0.0,6.3,사과,0.0,0.0
2024-02-23,금요일,사과,후지,10개,상품,"29,235","29,193",2024-02-23,서울,종로구,1.8,6.1,-1.0,0.4,5.8,68.8,10.2,9.4,사과,95.0,46.0
2024-02-23,금요일,사과,후지,10개,중품,"22,707","23,031",2024-02-23,서울,종로구,1.8,6.1,-1.0,0.4,5.8,68.8,10.2,9.4,사과,0.0,0.0
2024-02-22,목요일,사과,후지,10개,상품,"29,193","29,475",2024-02-22,서울,종로구,0.2,1.6,-1.1,8.8,0.0,84.5,13.8,11.8,사과,46.0,0.0
2024-02-22,목요일,사과,후지,10개,중품,"23,031","22,816",2024-02-22,서울,종로구,0.2,1.6,-1.1,8.8,0.0,84.5,13.8,11.8,사과,0.0,0.0
2024-02-21,수요일,사과,후지,10개,상품,"29,475",0,2024-02-21,서울,종로구,1.9,4.0,0.0,17.8,0.0,92.5,5.2,11.9,사과,0.0,33.0
2024-02-21,수요일,사과,후지,10개,중품,"22,816",0,2024-02-21,서울,종로구,1.9,4.0,0.0,17.8,0.0,92.5,5.2,11.9,사과,0.0,0.0
2024-02-20,화요일,사과,후지,10개,상품,"29,361",0,2024-02-20,서울,종로구,4.3,6.8,2.8,2.6,0.0,86.3,0.0,11.7,사과,32.0,0.0
2024-02-20,화요일,사과,후지,10개,중품,"22,849",0,2024-02-20,서울,종로구,4.3,6.8,2.8,2.6,0.0,86.3,0.0,11.7,사과,0.0,0.0
2024-02-19,월요일,사과,후지,10개,상품,"29,338",0,2024-02-19,서울,종로구,9.1,11.9,4.2,8.9,0.0,95.8,0.0,9.0,사과,0.0,0.0
2024-02-19,월요일,사과,후지,10개,중품,"22,960",0,2024-02-19,서울,종로구,9.1,11.9,4.2,8.9,0.0,95.8,0.0,9.0,사과,0.0,0.0
2024-02-16,금요일,사과,후지,10개,상품,"29,715","29,737",2024-02-16,서울,종로구,2.3,8.1,-1.5,0.0,7.9,72.4,0.0,6.8,사과,0.0,0.0
2024-02-16,금요일,사과,후지,10개,중품,"22,944","23,005",2024-02-16,서울,종로구,2.3,8.1,-1.5,0.0,7.9,72.4,0.0,6.8,사과,0.0,0.0
2024-02-15,목요일,사과,후지,10개,상품,"29,737","29,044",2024-02-15,서울,종로구,4.5,11.6,0.6,10.9,0.9,89.9,1.5,11.6,사과,0.0,9.0
2024-02-15,목요일,사과,후지,10개,중품,"23,005","23,874",2024-02-15,서울,종로구,4.5,11.6,0.6,10.9,0.9,89.9,1.5,11.6,사과,0.0,0.0
2024-02-14,수요일,사과,후지,10개,상품,"29,044",0,2024-02-14,서울,종로구,12.9,18.3,8.8,0.0,4.0,76.4,0.0,7.9,사과,10.0,0.0
2024-02-14,수요일,사과,후지,10개,중품,"23,874",0,2024-02-14,서울,종로구,12.9,18.3,8.8,0.0,4.0,76.4,0.0,7.9,사과,0.0,0.0
2024-02-13,화요일,사과,후지,10개,상품,"29,398",0,2024-02-13,서울,종로구,8.2,13.7,2.0,0.0,5.5,70.6,0.0,10.2,사과,0.0,0.0
2024-02-13,화요일,사과,후지,10개,중품,"24,054",0,2024-02-13,서울,종로구,8.2,13.7,2.0,0.0,5.5,70.6,0.0,10.2,사과,0.0,0.0
2024-02-08,목요일,사과,후지,10개,상품,"25,243","25,297",2024-02-08,서울,종로구,0.6,6.2,-3.0,0.0,9.2,66.9,0.0,6.3,사과,14.0,0.0
2024-02-08,목요일,사과,후지,10개,중품,"22,947","22,705",2024-02-08,서울,종로구,0.6,6.2,-3.0,0.0,9.2,66.9,0.0,6.3,사과,0.0,0.0
2024-02-07,수요일,사과,후지,10개,상품,"25,297",0,2024-02-07,서울,종로구,0.6,2.7,-0.9,0.0,0.0,76.6,0.0,5.9,사과,0.0,101.0
2024-02-07,수요일,사과,후지,10개,중품,"22,705",0,2024-02-07,서울,종로구,0.6,2.7,-0.9,0.0,0.0,76.6,0.0,5.9,사과,0.0,0.0
2024-02-06,화요일,사과,후지,10개,상품,"25,263",0,2024-02-06,서울,종로구,1.2,2.9,0.0,0.2,0.0,83.5,3.8,5.4,사과,0.0,204.0
2024-02-06,화요일,사과,후지,10개,중품,"22,696",0,2024-02-06,서울,종로구,1.2,2.9,0.0,0.2,0.0,83.5,3.8,5.4,사과,0.0,0.0
2024-02-05,월요일,사과,후지,10개,상품,"25,197",0,2024-02-05,서울,종로구,2.7,6.6,0.1,3.9,0.0,81.8,3.6,15.0,사과,205.0,0.0
2024-02-05,월요일,사과,후지,10개,중품,"22,493",0,2024-02-05,서울,종로구,2.7,6.6,0.1,3.9,0.0,81.8,3.6,15.0,사과,0.0,0.0
2024-02-02,금요일,사과,후지,10개,상품,"24,925","24,535",2024-02-02,서울,종로구,3.1,7.9,0.7,0.0,4.4,65.5,0.0,6.6,사과,196.0,231.0
2024-02-02,금요일,사과,후지,10개,중품,"22,065","21,624",2024-02-02,서울,종로구,3.1,7.9,0.7,0.0,4.4,65.5,0.0,6.6,사과,0.0,0.0
2024-02-01,목요일,사과,후지,10개,상품,"24,535","25,842",2024-02-01,서울,종로구,2.4,8.2,-1.3,0.0,6.8,64.9,0.0,7.3,사과,232.0,222.0
2024-02-01,목요일,사과,후지,10개,중품,"21,624","21,383",2024-02-01,서울,종로구,2.4,8.2,-1.3,0.0,6.8,64.9,0.0,7.3,사과,0.0,0.0
2024-01-31,수요일,사과,후지,10개,상품,"25,842",0,2024-01-31,서울,종로구,4.7,10.6,0.7,0.0,8.9,54.1,0.0,7.0,사과,221.0,220.0
2024-01-31,수요일,사과,후지,10개,중품,"21,383",0,2024-01-31,서울,종로구,4.7,10.6,0.7,0.0,8.9,54.1,0.0,7.0,사과,0.0,0.0
2024-01-30,화요일,사과,후지,10개,상품,"25,992",0,2024-01-30,서울,종로구,1.4,8.1,-4.0,0.0,9.4,59.3,0.0,4.3,사과,220.0,256.0
2024-01-30,화요일,사과,후지,10개,중품,"21,452",0,2024-01-30,서울,종로구,1.4,8.1,-4.0,0.0,9.4,59.3,0.0,4.3,사과,0.0,0.0
2024-01-29,월요일,사과,후지,10개,상품,"25,823",0,2024-01-29,서울,종로구,-0.4,4.6,-4.8,0.0,9.2,66.6,0.0,6.1,사과,258.0,0.0
2024-01-29,월요일,사과,후지,10개,중품,"21,313",0,2024-01-29,서울,종로구,-0.4,4.6,-4.8,0.0,9.2,66.6,0.0,6.1,사과,0.0,0.0
2024-01-26,금요일,사과,후지,10개,상품,"27,708",0,2024-01-26,서울,종로구,-1.7,4.0,-6.9,0.0,9.4,62.5,0.0,6.7,사과,187.0,150.0
2024-01-26,금요일,사과,후지,10개,중품,"22,749",0,2024-01-26,서울,종로구,-1.7,4.0,-6.9,0.0,9.4,62.5,0.0,6.7,사과,0.0,0.0
2024-01-23,화요일,사과,후지,10개,상품,"27,365","27,416",2024-01-23,서울,종로구,-11.7,-8.2,-14.0,0.0,9.1,53.6,0.0,10.5,사과,0.0,261.0
2024-01-23,화요일,사과,후지,10개,중품,"20,919","21,050",2024-01-23,서울,종로구,-11.7,-8.2,-14.0,0.0,9.1,53.6,0.0,10.5,사과,0.0,0.0
2024-01-22,월요일,사과,후지,10개,상품,"27,416",0,2024-01-22,서울,종로구,-8.7,-2.4,-11.9,0.2,3.6,65.6,2.3,10.4,사과,260.0,0.0
2024-01-22,월요일,사과,후지,10개,중품,"21,050",0,2024-01-22,서울,종로구,-8.7,-2.4,-11.9,0.2,3.6,65.6,2.3,10.4,사과,0.0,0.0
2024-01-19,금요일,사과,후지,10개,상품,"28,903","28,258",2024-01-19,서울,종로구,5.4,9.0,4.0,0.0,7.1,65.4,0.0,11.2,사과,136.0,144.0
2024-01-19,금요일,사과,후지,10개,중품,"21,109","21,886",2024-01-19,서울,종로구,5.4,9.0,4.0,0.0,7.1,65.4,0.0,11.2,사과,0.0,0.0
2024-01-18,목요일,사과,후지,10개,상품,"28,258","25,953",2024-01-18,서울,종로구,4.5,9.4,1.4,0.5,6.3,81.5,1.1,8.9,사과,144.0,138.0
2024-01-18,목요일,사과,후지,10개,중품,"21,886","23,143",2024-01-18,서울,종로구,4.5,9.4,1.4,0.5,6.3,81.5,1.1,8.9,사과,0.0,0.0
2024-01-17,수요일,사과,후지,10개,상품,"25,953",0,2024-01-17,서울,종로구,0.6,1.9,-2.3,9.7,0.0,78.5,2.3,5.7,사과,0.0,78.0
2024-01-17,수요일,사과,후지,10개,중품,"23,143",0,2024-01-17,서울,종로구,0.6,1.9,-2.3,9.7,0.0,78.5,2.3,5.7,사과,0.0,0.0
2024-01-16,화요일,사과,후지,10개,상품,"25,779",0,2024-01-16,서울,종로구,-2.1,4.3,-7.2,0.0,8.3,49.8,0.0,5.2,사과,0.0,142.0
2024-01-16,화요일,사과,후지,10개,중품,"23,304",0,2024-01-16,서울,종로구,-2.1,4.3,-7.2,0.0,8.3,49.8,0.0,5.2,사과,0.0,0.0
2024-01-15,월요일,사과,후지,10개,상품,"25,916",0,2024-01-15,서울,종로구,-3.7,0.9,-6.9,0.0,9.2,51.3,0.0,7.5,사과,143.0,0.0
2024-01-15,월요일,사과,후지,10개,중품,"23,054",0,2024-01-15,서울,종로구,-3.7,0.9,-6.9,0.0,9.2,51.3,0.0,7.5,사과,0.0,0.0
2024-01-12,금요일,사과,후지,10개,상품,"26,088",0,2024-01-12,서울,종로구,0.9,4.2,-1.4,0.0,8.9,61.6,0.0,6.9,사과,103.0,96.0
2024-01-12,금요일,사과,후지,10개,중품,"22,802",0,2024-01-12,서울,종로구,0.9,4.2,-1.4,0.0,8.9,61.6,0.0,6.9,사과,0.0,0.0
2024-01-09,화요일,사과,후지,10개,상품,"29,476",0,2024-01-09,서울,종로구,-0.6,0.4,-1.9,1.6,0.0,84.0,3.1,4.6,사과,0.0,132.0
2024-01-09,화요일,사과,후지,10개,중품,"22,374",0,2024-01-09,서울,종로구,-0.6,0.4,-1.9,1.6,0.0,84.0,3.1,4.6,사과,0.0,0.0
2024-01-08,월요일,사과,후지,10개,상품,"29,097",0,2024-01-08,서울,종로구,-4.7,0.0,-10.3,0.0,8.3,57.8,1.5,5.7,사과,132.0,0.0
2024-01-08,월요일,사과,후지,10개,중품,"22,303",0,2024-01-08,서울,종로구,-4.7,0.0,-10.3,0.0,8.3,57.8,1.5,5.7,사과,0.0,0.0
2024-01-05,금요일,사과,후지,10개,상품,"29,100","28,699",2024-01-05,서울,종로구,5.0,9.1,1.4,0.0,5.7,77.1,0.0,10.3,사과,0.0,0.0
2024-01-05,금요일,사과,후지,10개,중품,"22,705","22,653",2024-01-05,서울,종로구,5.0,9.1,1.4,0.0,5.7,77.1,0.0,10.3,사과,0.0,0.0
2024-01-04,목요일,사과,후지,10개,상품,"28,699","29,593",2024-01-04,서울,종로구,1.4,4.7,-3.3,0.0,0.5,74.3,0.0,6.1,사과,0.0,415.0
2024-01-04,목요일,사과,후지,10개,중품,"22,653","23,542",2024-01-04,서울,종로구,1.4,4.7,-3.3,0.0,0.5,74.3,0.0,6.1,사과,0.0,0.0
2024-01-03,수요일,사과,후지,10개,상품,"29,593",0,2024-01-03,서울,종로구,1.8,4.0,-1.1,0.6,1.2,80.4,0.0,7.6,사과,416.0,0.0
2024-01-03,수요일,사과,후지,10개,중품,"23,542",0,2024-01-03,서울,종로구,1.8,4.0,-1.1,0.6,1.2,80.4,0.0,7.6,사과,0.0,0.0
2024-01-02,화요일,사과,후지,10개,상품,"29,672",0,2024-01-02,서울,종로구,-99.0,4.3,2.2,0.0,0.0,0.0,0.0,5.3,0,0.0,0.0
2024-01-02,화요일,사과,후지,10개,중품,"23,624",0,2024-01-02,서울,종로구,-99.0,4.3,2.2,0.0,0.0,0.0,0.0,5.3,0,0.0,0.0
2023-12-29,금요일,사과,후지,10개,상품,"29,249","29,807",2023-12-29,서울,종로구,1.3,4.6,-1.5,0.0,1.8,71.0,0.0,5.7,사과,0.0,0.0
2023-12-29,금요일,사과,후지,10개,중품,"23,006","23,365",2023-12-29,서울,종로구,1.3,4.6,-1.5,0.0,1.8,71.0,0.0,5.7,사과,0.0,0.0
2023-12-28,목요일,사과,후지,10개,상품,"29,807","28,179",2023-12-28,서울,종로구,1.2,4.4,-1.7,0.0,8.1,69.5,0.0,8.0,사과,0.0,0.0
2023-12-28,목요일,사과,후지,10개,중품,"23,365","22,350",2023-12-28,서울,종로구,1.2,4.4,-1.7,0.0,8.1,69.5,0.0,8.0,사과,0.0,0.0
2023-12-27,수요일,사과,후지,10개,상품,"28,179",0,2023-12-27,서울,종로구,1.5,6.8,-2.8,0.0,8.2,76.6,0.0,4.7,사과,0.0,0.0
2023-12-27,수요일,사과,후지,10개,중품,"22,350",0,2023-12-27,서울,종로구,1.5,6.8,-2.8,0.0,8.2,76.6,0.0,4.7,사과,0.0,0.0
2023-12-26,화요일,사과,후지,10개,상품,"28,018",0,2023-12-26,서울,종로구,1.9,7.2,-2.6,0.0,7.5,72.9,0.0,9.4,사과,0.0,0.0
2023-12-26,화요일,사과,후지,10개,중품,"21,917",0,2023-12-26,서울,종로구,1.9,7.2,-2.6,0.0,7.5,72.9,0.0,9.4,사과,0.0,0.0
2023-12-22,금요일,사과,후지,10개,상품,"28,222","28,093",2023-12-22,서울,종로구,-11.6,-8.0,-14.7,0.0,9.1,51.8,0.4,8.2,사과,36.0,0.0
2023-12-22,금요일,사과,후지,10개,중품,"21,720","21,234",2023-12-22,서울,종로구,-11.6,-8.0,-14.7,0.0,9.1,51.8,0.4,8.2,사과,0.0,0.0
2023-12-21,목요일,사과,후지,10개,상품,"28,093","28,176",2023-12-21,서울,종로구,-11.7,-8.0,-14.4,0.0,9.0,57.4,0.5,9.0,사과,0.0,0.0
2023-12-21,목요일,사과,후지,10개,중품,"21,234","20,462",2023-12-21,서울,종로구,-11.7,-8.0,-14.4,0.0,9.0,57.4,0.5,9.0,사과,0.0,0.0
2023-12-20,수요일,사과,후지,10개,상품,"28,176",0,2023-12-20,서울,종로구,-7.4,-2.1,-11.9,0.8,6.0,64.1,2.1,9.0,사과,0.0,80.0
2023-12-20,수요일,사과,후지,10개,중품,"20,462",0,2023-12-20,서울,종로구,-7.4,-2.1,-11.9,0.8,6.0,64.1,2.1,9.0,사과,0.0,0.0
2023-12-19,화요일,사과,후지,10개,상품,"28,232",0,2023-12-19,서울,종로구,-3.7,0.2,-8.2,0.3,0.8,63.1,0.9,6.0,사과,0.0,93.0
2023-12-19,화요일,사과,후지,10개,중품,"20,405",0,2023-12-19,서울,종로구,-3.7,0.2,-8.2,0.3,0.8,63.1,0.9,6.0,사과,0.0,0.0
2023-12-18,월요일,사과,후지,10개,상품,"28,114",0,2023-12-18,서울,종로구,-7.7,-3.6,-12.2,0.0,4.1,45.1,0.0,7.7,사과,93.0,0.0
2023-12-18,월요일,사과,후지,10개,중품,"20,543",0,2023-12-18,서울,종로구,-7.7,-3.6,-12.2,0.0,4.1,45.1,0.0,7.7,사과,0.0,0.0
2023-12-15,금요일,사과,후지,10개,상품,"27,437","27,399",2023-12-15,서울,종로구,4.9,6.2,3.7,31.1,0.0,95.4,0.0,11.9,사과,130.0,0.0
2023-12-15,금요일,사과,후지,10개,중품,"20,846","20,993",2023-12-15,서울,종로구,4.9,6.2,3.7,31.1,0.0,95.4,0.0,11.9,사과,0.0,0.0
2023-12-14,목요일,사과,후지,10개,상품,"27,399","27,500",2023-12-14,서울,종로구,7.6,9.1,6.2,17.0,0.0,85.8,0.0,11.7,사과,0.0,136.0
2023-12-14,목요일,사과,후지,10개,중품,"20,993","20,296",2023-12-14,서울,종로구,7.6,9.1,6.2,17.0,0.0,85.8,0.0,11.7,사과,0.0,0.0
2023-12-13,수요일,사과,후지,10개,상품,"27,500",0,2023-12-13,서울,종로구,6.8,10.3,2.6,0.0,2.3,74.1,0.0,7.0,사과,0.0,0.0
2023-12-13,수요일,사과,후지,10개,중품,"20,296",0,2023-12-13,서울,종로구,6.8,10.3,2.6,0.0,2.3,74.1,0.0,7.0,사과,0.0,0.0
2023-12-12,화요일,사과,후지,10개,상품,"27,505",0,2023-12-12,서울,종로구,5.4,9.3,3.5,0.4,3.5,75.6,0.0,13.3,사과,0.0,129.0
2023-12-12,화요일,사과,후지,10개,중품,"20,284",0,2023-12-12,서울,종로구,5.4,9.3,3.5,0.4,3.5,75.6,0.0,13.3,사과,0.0,0.0
2023-12-11,월요일,사과,후지,10개,상품,"27,610",0,2023-12-11,서울,종로구,8.9,12.3,5.0,11.4,0.0,82.9,0.0,0.0,사과,129.0,0.0
2023-12-11,월요일,사과,후지,10개,중품,"20,235",0,2023-12-11,서울,종로구,8.9,12.3,5.0,11.4,0.0,82.9,0.0,0.0,사과,0.0,0.0
2023-12-08,금요일,사과,후지,10개,상품,"27,500","27,213",2023-12-08,서울,종로구,11.2,16.8,5.1,0.0,5.3,73.4,0.0,13.5,사과,0.0,0.0
2023-12-08,금요일,사과,후지,10개,중품,"20,095","19,760",2023-12-08,서울,종로구,11.2,16.8,5.1,0.0,5.3,73.4,0.0,13.5,사과,0.0,0.0
2023-12-07,목요일,사과,후지,10개,상품,"27,213","28,274",2023-12-07,서울,종로구,6.6,11.4,0.8,0.0,6.7,64.0,0.0,12.6,사과,77.0,0.0
2023-12-07,목요일,사과,후지,10개,중품,"19,760","21,010",2023-12-07,서울,종로구,6.6,11.4,0.8,0.0,6.7,64.0,0.0,12.6,사과,0.0,0.0
2023-12-06,수요일,사과,후지,10개,상품,"28,274",0,2023-12-06,서울,종로구,6.1,8.7,3.9,3.8,0.0,76.1,0.0,9.0,사과,98.0,50.0
2023-12-06,수요일,사과,후지,10개,중품,"21,010",0,2023-12-06,서울,종로구,6.1,8.7,3.9,3.8,0.0,76.1,0.0,9.0,사과,0.0,0.0
2023-12-05,화요일,사과,후지,10개,상품,"27,987",0,2023-12-05,서울,종로구,6.8,12.6,3.8,0.0,6.8,55.4,0.0,5.9,사과,0.0,106.0
2023-12-05,화요일,사과,후지,10개,중품,"20,927",0,2023-12-05,서울,종로구,6.8,12.6,3.8,0.0,6.8,55.4,0.0,5.9,사과,0.0,0.0
2023-12-04,월요일,사과,후지,10개,상품,"27,987",0,2023-12-04,서울,종로구,2.7,9.4,-3.0,0.0,8.2,59.5,0.0,4.3,사과,0.0,0.0
2023-12-04,월요일,사과,후지,10개,중품,"20,837",0,2023-12-04,서울,종로구,2.7,9.4,-3.0,0.0,8.2,59.5,0.0,4.3,사과,0.0,0.0
2023-11-30,목요일,사과,후지,10개,상품,"28,095","28,328",2023-11-30,서울,종로구,-4.3,-0.5,-7.3,0.0,9.2,48.5,0.0,8.3,사과,0.0,0.0
2023-11-30,목요일,사과,후지,10개,중품,"20,708","20,312",2023-11-30,서울,종로구,-4.3,-0.5,-7.3,0.0,9.2,48.5,0.0,8.3,사과,0.0,0.0
2023-11-29,수요일,사과,후지,10개,상품,"28,328",0,2023-11-29,서울,종로구,-1.4,3.0,-4.0,0.0,2.7,58.9,0.0,10.7,사과,0.0,85.0
2023-11-29,수요일,사과,후지,10개,중품,"20,312",0,2023-11-29,서울,종로구,-1.4,3.0,-4.0,0.0,2.7,58.9,0.0,10.7,사과,0.0,0.0
2023-11-28,화요일,사과,후지,10개,상품,"28,168",0,2023-11-28,서울,종로구,1.3,5.2,-1.2,0.0,6.3,57.5,0.0,9.5,사과,0.0,0.0
2023-11-28,화요일,사과,후지,10개,중품,"20,407",0,2023-11-28,서울,종로구,1.3,5.2,-1.2,0.0,6.3,57.5,0.0,9.5,사과,0.0,0.0
2023-11-27,월요일,사과,후지,10개,상품,"28,512",0,2023-11-27,서울,종로구,6.2,9.3,4.4,3.6,0.9,82.9,0.0,11.0,사과,105.0,0.0
2023-11-27,월요일,사과,후지,10개,중품,"20,486",0,2023-11-27,서울,종로구,6.2,9.3,4.4,3.6,0.9,82.9,0.0,11.0,사과,0.0,0.0
2023-11-24,금요일,사과,후지,10개,상품,"28,442","28,051",2023-11-24,서울,종로구,-1.5,2.2,-4.4,0.0,8.6,51.8,0.0,10.4,사과,0.0,0.0
2023-11-24,금요일,사과,후지,10개,중품,"20,444","20,441",2023-11-24,서울,종로구,-1.5,2.2,-4.4,0.0,8.6,51.8,0.0,10.4,사과,0.0,0.0
2023-11-23,목요일,사과,후지,10개,상품,"28,051","27,330",2023-11-23,서울,종로구,9.9,14.6,1.9,0.1,5.0,71.1,0.0,12.5,사과,0.0,102.0
2023-11-23,목요일,사과,후지,10개,중품,"20,441","20,706",2023-11-23,서울,종로구,9.9,14.6,1.9,0.1,5.0,71.1,0.0,12.5,사과,0.0,0.0
2023-11-22,수요일,사과,후지,10개,상품,"27,330","26,866",2023-11-22,서울,종로구,9.5,15.1,2.9,0.0,6.5,68.1,0.0,5.8,사과,101.0,0.0
2023-11-22,수요일,사과,후지,10개,중품,"20,706","20,628",2023-11-22,서울,종로구,9.5,15.1,2.9,0.0,6.5,68.1,0.0,5.8,사과,0.0,0.0
2023-11-21,화요일,사과,후지,10개,상품,"26,866",0,2023-11-21,서울,종로구,7.4,14.8,1.4,0.0,9.3,59.6,0.0,4.7,사과,0.0,117.0
2023-11-21,화요일,사과,후지,10개,중품,"20,628",0,2023-11-21,서울,종로구,7.4,14.8,1.4,0.0,9.3,59.6,0.0,4.7,사과,0.0,0.0
2023-11-20,월요일,사과,후지,10개,상품,"26,952",0,2023-11-20,서울,종로구,6.2,12.8,1.8,0.0,9.3,58.4,0.0,5.1,사과,117.0,0.0
2023-11-20,월요일,사과,후지,10개,중품,"20,994",0,2023-11-20,서울,종로구,6.2,12.8,1.8,0.0,9.3,58.4,0.0,5.1,사과,0.0,0.0
2023-11-17,금요일,사과,후지,10개,상품,"27,219","25,565",2023-11-17,서울,종로구,1.6,5.9,-1.9,0.0,5.0,59.3,0.0,11.7,사과,96.0,0.0
2023-11-17,금요일,사과,후지,10개,중품,"20,172","18,903",2023-11-17,서울,종로구,1.6,5.9,-1.9,0.0,5.0,59.3,0.0,11.7,사과,0.0,0.0
2023-11-16,목요일,사과,후지,10개,상품,"25,565","25,390",2023-11-16,서울,종로구,6.6,7.4,5.7,8.4,0.0,85.0,0.0,8.3,사과,99.0,0.0
2023-11-16,목요일,사과,후지,10개,중품,"18,903","19,575",2023-11-16,서울,종로구,6.6,7.4,5.7,8.4,0.0,85.0,0.0,8.3,사과,0.0,0.0
2023-11-15,수요일,사과,후지,10개,상품,"25,390",0,2023-11-15,서울,종로구,7.0,12.5,2.0,0.0,6.9,71.4,0.0,7.1,사과,0.0,83.0
2023-11-15,수요일,사과,후지,10개,중품,"19,575",0,2023-11-15,서울,종로구,7.0,12.5,2.0,0.0,6.9,71.4,0.0,7.1,사과,0.0,0.0
2023-11-14,화요일,사과,후지,10개,상품,"25,322",0,2023-11-14,서울,종로구,5.0,10.8,-0.8,0.0,9.3,66.1,0.0,6.6,사과,0.0,0.0
2023-11-14,화요일,사과,후지,10개,중품,"19,747",0,2023-11-14,서울,종로구,5.0,10.8,-0.8,0.0,9.3,66.1,0.0,6.6,사과,0.0,0.0
2023-11-13,월요일,사과,후지,10개,상품,"25,450",0,2023-11-13,서울,종로구,2.0,6.7,-2.2,0.0,9.5,54.0,0.0,7.3,사과,0.0,0.0
2023-11-13,월요일,사과,후지,10개,중품,"20,015",0,2023-11-13,서울,종로구,2.0,6.7,-2.2,0.0,9.5,54.0,0.0,7.3,사과,0.0,0.0
2023-11-10,금요일,사과,후지,10개,상품,"25,478","26,044",2023-11-10,서울,종로구,3.4,9.1,0.5,0.0,9.0,53.1,0.0,12.7,사과,104.0,0.0
2023-11-10,금요일,사과,후지,10개,중품,"20,319","20,604",2023-11-10,서울,종로구,3.4,9.1,0.5,0.0,9.0,53.1,0.0,12.7,사과,0.0,0.0
2023-11-09,목요일,사과,후지,10개,상품,"26,044","29,168",2023-11-09,서울,종로구,11.4,18.4,5.9,5.1,2.1,73.1,0.0,10.4,사과,0.0,0.0
2023-11-09,목요일,사과,후지,10개,중품,"20,604","21,558",2023-11-09,서울,종로구,11.4,18.4,5.9,5.1,2.1,73.1,0.0,10.4,사과,0.0,0.0
2023-11-08,수요일,사과,후지,10개,상품,"29,168",0,2023-11-08,서울,종로구,8.4,16.1,1.8,0.0,9.4,55.1,0.0,5.1,사과,118.0,0.0
2023-11-08,수요일,사과,후지,10개,중품,"21,558",0,2023-11-08,서울,종로구,8.4,16.1,1.8,0.0,9.4,55.1,0.0,5.1,사과,0.0,0.0
2023-11-07,화요일,사과,후지,10개,상품,"29,063",0,2023-11-07,서울,종로구,5.8,9.9,3.6,0.0,8.4,62.5,0.0,16.5,사과,0.0,165.0
2023-11-07,화요일,사과,후지,10개,중품,"21,585",0,2023-11-07,서울,종로구,5.8,9.9,3.6,0.0,8.4,62.5,0.0,16.5,사과,0.0,0.0
2023-11-06,월요일,사과,후지,10개,상품,"28,825",0,2023-11-06,서울,종로구,13.3,19.3,6.6,45.8,0.8,84.9,0.0,16.9,사과,164.0,0.0
2023-11-06,월요일,사과,후지,10개,중품,"21,932",0,2023-11-06,서울,종로구,13.3,19.3,6.6,45.8,0.8,84.9,0.0,16.9,사과,0.0,0.0
2023-11-03,금요일,사과,후지,10개,상품,"27,452","27,380",2023-11-03,서울,종로구,19.5,22.4,17.7,8.5,1.2,83.3,0.0,9.0,사과,147.0,0.0
2023-11-03,금요일,사과,후지,10개,중품,"21,697","21,728",2023-11-03,서울,종로구,19.5,22.4,17.7,8.5,1.2,83.3,0.0,9.0,사과,0.0,0.0
2023-11-02,목요일,사과,후지,10개,상품,"27,380","27,223",2023-11-02,서울,종로구,20.8,25.9,18.7,0.0,8.0,70.9,0.0,11.0,사과,0.0,0.0
2023-11-02,목요일,사과,후지,10개,중품,"21,728","21,855",2023-11-02,서울,종로구,20.8,25.9,18.7,0.0,8.0,70.9,0.0,11.0,사과,0.0,0.0
2023-11-01,수요일,사과,후지,10개,상품,"27,223","27,724",2023-11-01,서울,종로구,19.0,20.6,17.2,0.0,0.0,81.8,0.0,8.0,사과,142.0,135.0
2023-11-01,수요일,사과,후지,10개,중품,"21,855","22,460",2023-11-01,서울,종로구,19.0,20.6,17.2,0.0,0.0,81.8,0.0,8.0,사과,0.0,0.0
2023-10-31,화요일,사과,후지,10개,상품,"27,724",0,2023-10-31,서울,종로구,16.5,20.8,12.7,0.0,5.2,76.0,0.0,7.2,사과,0.0,177.0
2023-10-31,화요일,사과,후지,10개,중품,"22,460",0,2023-10-31,서울,종로구,16.5,20.8,12.7,0.0,5.2,76.0,0.0,7.2,사과,0.0,0.0
2023-10-30,월요일,사과,후지,10개,상품,"28,041",0,2023-10-30,서울,종로구,15.1,21.9,9.7,0.0,9.3,72.0,0.0,5.3,사과,177.0,0.0
2023-10-30,월요일,사과,후지,10개,중품,"22,997",0,2023-10-30,서울,종로구,15.1,21.9,9.7,0.0,9.3,72.0,0.0,5.3,사과,0.0,0.0
2023-10-27,금요일,사과,후지,10개,상품,"30,484","30,715",2023-10-27,서울,종로구,15.7,20.2,12.6,0.0,4.6,71.1,0.0,6.1,사과,0.0,0.0
2023-10-27,금요일,사과,후지,10개,중품,"23,819","24,351",2023-10-27,서울,종로구,15.7,20.2,12.6,0.0,4.6,71.1,0.0,6.1,사과,0.0,0.0
2023-10-26,목요일,사과,후지,10개,상품,"30,715","33,500",2023-10-26,서울,종로구,17.2,21.1,14.6,0.0,0.8,79.4,0.0,8.7,사과,0.0,0.0
2023-10-26,목요일,사과,후지,10개,중품,"24,351","28,331",2023-10-26,서울,종로구,17.2,21.1,14.6,0.0,0.8,79.4,0.0,8.7,사과,0.0,0.0
2023-10-25,수요일,사과,후지,10개,상품,"33,500",0,2023-10-25,서울,종로구,16.6,21.9,12.7,0.0,6.0,78.6,0.0,4.4,사과,0.0,0.0
2023-10-25,수요일,사과,후지,10개,중품,"28,331",0,2023-10-25,서울,종로구,16.6,21.9,12.7,0.0,6.0,78.6,0.0,4.4,사과,0.0,0.0
2023-10-24,화요일,사과,후지,10개,상품,"33,169",0,2023-10-24,서울,종로구,15.6,19.3,11.2,0.0,3.7,78.5,0.0,5.8,사과,0.0,97.0
2023-10-24,화요일,사과,후지,10개,중품,"28,223",0,2023-10-24,서울,종로구,15.6,19.3,11.2,0.0,3.7,78.5,0.0,5.8,사과,0.0,0.0
2023-10-23,월요일,사과,후지,10개,상품,"33,847",0,2023-10-23,서울,종로구,15.2,21.4,11.1,0.0,6.5,73.8,0.0,5.9,사과,0.0,0.0
2023-10-23,월요일,사과,후지,10개,중품,"28,568",0,2023-10-23,서울,종로구,15.2,21.4,11.1,0.0,6.5,73.8,0.0,5.9,사과,0.0,0.0
2023-08-09,수요일,사과,후지,10개,상품,"30,523","30,449",2023-08-09,서울,종로구,28.3,31.6,25.1,0.2,3.3,67.6,0.0,10.6,사과,83.0,40.0
2023-08-09,수요일,사과,후지,10개,중품,"21,866","21,976",2023-08-09,서울,종로구,28.3,31.6,25.1,0.2,3.3,67.6,0.0,10.6,사과,0.0,0.0
2023-08-08,화요일,사과,후지,10개,상품,"30,449","29,847",2023-08-08,서울,종로구,30.9,35.8,26.4,0.0,11.0,60.5,0.0,7.8,사과,0.0,0.0
2023-08-08,화요일,사과,후지,10개,중품,"21,976","21,976",2023-08-08,서울,종로구,30.9,35.8,26.4,0.0,11.0,60.5,0.0,7.8,사과,0.0,0.0
2023-08-07,월요일,사과,후지,10개,상품,"29,847",0,2023-08-07,서울,종로구,30.4,34.6,27.3,0.0,5.8,68.4,0.0,8.1,사과,82.0,0.0
2023-08-07,월요일,사과,후지,10개,중품,"21,976",0,2023-08-07,서울,종로구,30.4,34.6,27.3,0.0,5.8,68.4,0.0,8.1,사과,0.0,0.0
2023-08-04,금요일,사과,후지,10개,상품,"29,200","29,185",2023-08-04,서울,종로구,30.0,34.4,26.5,0.0,9.6,67.6,0.0,7.3,사과,0.0,0.0
2023-08-04,금요일,사과,후지,10개,중품,"21,351","21,229",2023-08-04,서울,종로구,30.0,34.4,26.5,0.0,9.6,67.6,0.0,7.3,사과,0.0,0.0
2023-08-03,목요일,사과,후지,10개,상품,"29,185","28,963",2023-08-03,서울,종로구,29.5,33.8,25.8,0.0,11.0,67.0,0.0,6.5,사과,0.0,0.0
2023-08-03,목요일,사과,후지,10개,중품,"21,229","20,086",2023-08-03,서울,종로구,29.5,33.8,25.8,0.0,11.0,67.0,0.0,6.5,사과,0.0,0.0
2023-08-02,수요일,사과,후지,10개,상품,"28,963","28,963",2023-08-02,서울,종로구,29.7,33.7,26.8,0.0,11.2,67.8,0.0,7.9,사과,0.0,0.0
2023-08-02,수요일,사과,후지,10개,중품,"20,086","20,086",2023-08-02,서울,종로구,29.7,33.7,26.8,0.0,11.2,67.8,0.0,7.9,사과,0.0,0.0
2023-08-01,화요일,사과,후지,10개,상품,"28,963","29,404",2023-08-01,서울,종로구,29.9,34.2,25.5,0.0,10.3,71.6,0.0,5.5,사과,0.0,0.0
2023-08-01,화요일,사과,후지,10개,중품,"20,086","20,370",2023-08-01,서울,종로구,29.9,34.2,25.5,0.0,10.3,71.6,0.0,5.5,사과,0.0,0.0
